1,Merla,Housby,mhousby0@printfriendly.com
2,Kellsie,Clingan,kclingan1@springer.com
3,Jany,Cubitt,jcubitt2@unc.edu
4,Doe,Sorby,dsorby3@gnu.org
5,Jessee,Symmers,jsymmers4@pen.io
6,Daveen,Budgett,dbudgett5@redcross.org
7,Hesther,Staden,hstaden6@accuweather.com
8,Estevan,Tackell,etackell7@lulu.com
9,Consuela,Khosa,ckhosa8@prweb.com
10,Glory,Paulson,gpaulson9@wikimedia.org
11,Elfie,Couldwell,ecouldwella@paypal.com
12,Scotti,Hawker,shawkerb@oakley.com
13,Cindee,Elcox,celcoxc@wikia.com
14,Inglebert,Bracer,ibracerd@weebly.com
15,Tatiana,MacMaykin,tmacmaykine@gizmodo.com
16,Muire,Winchcombe,mwinchcombef@edublogs.org
17,Piper,Perfitt,pperfittg@last.fm
18,Penni,Mitkcov,pmitkcovh@ow.ly
19,Judi,Klezmski,jklezmskii@home.pl
20,Donovan,Rigmand,drigmandj@cbslocal.com
21,Amalia,Borwick,aborwickk@mapquest.com
22,Patten,Wateridge,pwateridgel@google.com
23,Lenore,Kyne,lkynem@epa.gov
24,Lindie,Mark,lmarkn@netscape.com
25,Sam,Sandyfirth,ssandyfirtho@wisc.edu
26,Gerrie,Foffano,gfoffanop@guardian.co.uk
27,Onfroi,Boddy,oboddyq@usa.gov
28,Bryn,Houldin,bhouldinr@booking.com
29,Sophie,Graser,sgrasers@ovh.net
30,Marget,Firbanks,mfirbankst@gnu.org
31,Alyssa,Ladewig,aladewigu@addtoany.com
32,Jamesy,Feaveer,jfeaveerv@whitehouse.gov
33,Auberta,Fleckness,aflecknessw@disqus.com
34,Fallon,Swepson,fswepsonx@ask.com
35,Donnamarie,Blakely,dblakelyy@house.gov
36,Ingram,Downgate,idowngatez@bloomberg.com
37,Daniel,Hamsley,dhamsley10@yolasite.com
38,Rocky,Delacour,rdelacour11@reference.com
39,Fields,Mandy,fmandy12@dailymotion.com
40,Berti,Thomsson,bthomsson13@techcrunch.com
41,Bonita,Dobinson,bdobinson14@dion.ne.jp
42,Drud,Foux,dfoux15@de.vu
43,Addie,Anglin,aanglin16@illinois.edu
44,Ingar,Kilgallon,ikilgallon17@php.net
45,Stirling,Stollmeier,sstollmeier18@pbs.org
46,Toddie,Tregido,ttregido19@google.com.br
47,Robers,Brunt,rbrunt1a@businessweek.com
48,Jackelyn,Beevor,jbeevor1b@yellowpages.com
49,Ashil,Zapater,azapater1c@ibm.com
50,Ruddie,Gellibrand,rgellibrand1d@scientificamerican.com
51,Nissa,Abbett,nabbett1e@foxnews.com
52,Bambie,Williamson,bwilliamson1f@bloomberg.com
53,Arlyn,Moseby,amoseby1g@state.gov
54,Elianora,Purser,epurser1h@de.vu
55,Val,Goulbourn,vgoulbourn1i@studiopress.com
56,Aveline,Murrells,amurrells1j@irs.gov
57,Meg,Gumey,mgumey1k@blinklist.com
58,Krystal,Isaksen,kisaksen1l@opera.com
59,Nananne,Dun,ndun1m@apache.org
60,Belinda,Hove,bhove1n@ifeng.com
61,Sheffy,Bilston,sbilston1o@desdev.cn
62,Layne,Schiementz,lschiementz1p@squarespace.com
63,Roldan,Jeenes,rjeenes1q@hao123.com
64,Althea,Ratie,aratie1r@imdb.com
65,Rebecca,McGebenay,rmcgebenay1s@opensource.org
66,Tiffy,Rickaert,trickaert1t@wired.com
67,Otto,Trubshaw,otrubshaw1u@nifty.com
68,Denise,Riddle,driddle1v@posterous.com
69,Garey,Traut,gtraut1w@squarespace.com
70,Abagael,Lillow,alillow1x@google.com.hk
71,Catina,Eakeley,ceakeley1y@icio.us
72,Gwenni,Freeman,gfreeman1z@slashdot.org
73,Ethelred,Davley,edavley20@123-reg.co.uk
74,Maurizio,Dellenbrook,mdellenbrook21@xrea.com
75,Eddy,Curneen,ecurneen22@google.com.au
76,Nicolai,Stillwell,nstillwell23@ocn.ne.jp
77,Selma,Haimes,shaimes24@europa.eu
78,Konstanze,Feacham,kfeacham25@fotki.com
79,Audie,Perazzo,aperazzo26@tripod.com
80,Beaufort,Dyott,bdyott27@bandcamp.com
81,Jerri,Gilford,jgilford28@cargocollective.com
82,Horton,Eckh,heckh29@ox.ac.uk
83,Josephina,Ouver,jouver2a@joomla.org
84,Winny,Sarre,wsarre2b@comsenz.com
85,Corie,Smeal,csmeal2c@yahoo.com
86,Lucinda,Treherne,ltreherne2d@icio.us
87,Tadeas,Fleischmann,tfleischmann2e@elpais.com
88,Preston,Canape,pcanape2f@tinypic.com
89,Lainey,Fludder,lfludder2g@hexun.com
90,Nerti,Faustin,nfaustin2h@time.com
91,Frank,De Malchar,fdemalchar2i@dot.gov
92,Quintana,Fullerlove,qfullerlove2j@ustream.tv
93,James,Schrei,jschrei2k@nbcnews.com
94,Daven,De Laspee,ddelaspee2l@earthlink.net
95,Rosalyn,Cicutto,rcicutto2m@admin.ch
96,Ortensia,Tatchell,otatchell2n@wikipedia.org
97,Gayler,Antonsen,gantonsen2o@people.com.cn
98,Noach,Wrathmall,nwrathmall2p@census.gov
99,Theo,Wythe,twythe2q@hexun.com
100,Frazer,Tweedie,ftweedie2r@so-net.ne.jp
